1;RA 1047 V;Don;;1921-01-01;;;1921-01-01;Jeanne d'Arc ecoutant ses voix;;terre cuite;modelage;Hauteur : 21, Largeur : 12, Largeur : 11;Correct;MARQUESTE, Laurent-Honore;1901-1925;;;Sculpture, figurine, musee des Augustins
2;RA 1051;Don;;1924-01-01;;;1924-01-01;Dalle tombale de Francois Bongie;;pierre;;Hauteur : 140, Largeur : 54, Profondeur : 11;Mauvais;Anonyme francais;1754;;Couvent des Cordeliers;Sculpture, inscription, musee des Augustins
3;67 12 1;Achat au salon;;1965-01-01;;;1965-01-01;LES VIEUX CARGOS A BORDEAUX;Signature, S. en bas a droite : J.HUGON;toile;peinture a l'huile;Hauteur : 97, Largeur : 130, ;Correct;HUGON, Jean;1951-1975;;;Peinture, tableau, musee des Augustins
4;67 22 2;Achat;;1966-01-01;;;1966-01-01;Vue de Venise;Signature, S. en bas a gauche : HENRY DE WAROQUIER;toile;peinture a l'huile;Hauteur : 33,5, Largeur : 41,5, Hauteur avec cadre en cm : 50;Mauvais;WAROQUIER, Henry de;1926;;Venise;Peinture, tableau, musee des Augustins
5;67 27 1;Achat;;1966-01-01;;;1966-01-01;L'inspiration d'Anacreon;;bois;peinture a l'huile;Hauteur : 23, Largeur : 46, ;Correct;GEROME, Jean-Leon;1848 vers;;;Peinture, esquisse, musee des Augustins
6;67 28 1;Achat;;1966-01-01;;;1966-01-01;En souvenir de...;;toile;peinture a l'huile;Hauteur : 100, Largeur : 100, ;Excellent;BALL, Georges;1951-1975;;;Peinture, tableau, musee des Augustins
7;67 29 1;Achat;;1966-01-01;;;1966-01-01;Trilogie;;toile;peinture a l'huile;Hauteur : 162, Largeur : 130, ;Correct;DE CARO, Anita;1966 vers;;;Peinture, tableau, musee des Augustins
8;67 30 1;Achat;;1966-01-01;;;1966-01-01;Nuit blanche, temps bleu;;toile;peinture a l'huile;Hauteur : 130, Largeur : 195, Hauteur avec cadre en cm : 138;Correct;DOWNING, Joe;1951-1975;;;Peinture, tableau, musee des Augustins
9;67 39 1;Achat;;1967-01-01;;;1967-01-01;Soleil couchant;;bois;peinture a l'huile;Hauteur : 14, Largeur : 14, ;Mauvais;COROT, Camille;1850-1860;;;Peinture, tableau, musee des Augustins
10;67 39 2;Achat;;1967-01-01;;;1967-01-01;Etude de cheval;Monogramme, S. en bas a gauche : E.M.;bois;peinture a l'huile;Hauteur : 25, Largeur : 19.8, ;Excellent;MEISSONIER, Ernest;1851-1875;;;Peinture, etude, musee des Augustins
11;68 5 1;Achat;;1968-01-01;;;1968-01-01;Structure dynamique;;bronze;;Hauteur : 25.5, Largeur : 39, Profondeur : 20;Correct;FACHARD, Robert;1951-1975;;;Sculpture, musee des Augustins
12;68 7 1;Achat;;1968-01-01;;;1968-01-01;Portrait d'homme;;toile;peinture a l'huile;Hauteur : 55, Largeur : 45, ;Mauvais;BEZARD, Jean-Louis;1824-1861;;;Peinture, tableau, musee des Augustins
13;68 9 1;Achat;;1968-01-01;;;1968-01-01;Portrait d'Emilie Borelli au piano;Dedicace, Signature, S.D.D.H.G. : A EMILIE BORELLI, JACQUESSON DE LA CHEVREUSE 1867;toile;peinture a l'huile;Hauteur : 55.8, Largeur : 46.5, ;Bon;JACQUESSON DE LA CHEVREUSE, Louis;1867;;;Peinture, tableau, musee des Augustins
14;69 6 1;Transfert;;1969-01-01;;;1969-01-01;Mise au tombeau;;albatre;haut-relief;Hauteur : 41, Largeur : 29, Profondeur : 5;Bon;Anonyme anglais;1420-1530;decor de meuble;Eglise Notre-Dame-du-Bourg;Sculpture, partie d'un ensemble de sculptures, musee des Augustins
15;70 7 1;Achat;;1970-01-01;;;1970-01-01;Deposition de croix;Signature, Date, S.D. en bas a gauche : WILLEMSENS 1841;toile;peinture a l'huile;Hauteur : 72, Largeur : 91, ;Bon;VILLEMSENS, Jean Blaise;1841;;;Peinture, tableau, musee des Augustins
16;71 1 2;Achat;;1971-01-01;;;1971-01-01;LE TONNELIER;Signature, S. en bas a gauche : G. BERINGUIER;papier;crayon de couleur;Hauteur : 45, Largeur : 30, ;Bon;BERINGUIER, Gabriel;1851-1900;;;Dessin, musee des Augustins
17;2004 1 426;Transfert de propriete de l'Etat;;2004-04-02;;;2004-04-02;Eruption du Vesuve du 14 decembre 1776;Insc. conc. la representation, Date, revers : ;papier;pastel;Hauteur : 38,5, Largeur : 51, ;Correct;Anonyme indetermine;1776;;;Dessin, dessin, musee des Augustins
18;2007 0 14;Mode d'acquisition inconnu;;1964-01-01;;;1964-01-01;Fleurs des champs;Signature, Date, S.D. en bas a droite : E.GASNIER 1947;contreplaque;peinture a l'huile;Hauteur : 65, Largeur : 54, ;Bon;GASNIER, Eugene;1947;;;Peinture, tableau, musee des Augustins
19;50 4 1;Transfert;;1950-01-01;;;1950-09-13;Vierge a l'Enfant;InscriptionP.V.ON..SS. ATOCHA;cuivre;peinture a l'huile;Hauteur : 21,8, Largeur : 16,3, ;Mauvais;Anonyme espagnol;1601-1800;;;Peinture, tableau, musee des Augustins
20;50 8 1;Don;;1844-01-01;;;1844-01-01;Hautpoul de Sallette;Date, Signature,  : JALEY FT 1838;marbre;taille;Hauteur : 94, Largeur : 66, Profondeur : 40;Mauvais;JALEY, Jean-Louis-Nicolas;1838;;;Sculpture, buste, musee des Augustins
21;51 2 1;Achat au salon;;1950-01-01;;;1950-01-01;Paysage;Signature, S. en bas a droite : A.MOULIS;papier;aquarelle;Hauteur : 26, Largeur : 33, ;Mauvais;MOULIS, Alexandre;1947;;;Dessin, musee des Augustins
22;51 5 1;Achat;;1950-12-30;;15 000,00 FRF;1950-12-30;Brodeuse;Signature, S. en bas a droite : SCHINTONE;toile;peinture a l'huile;Hauteur : 73, Largeur : 54, ;Bon;SCHINTONE, Daniel;1950 vers;;;Peinture, tableau, musee des Augustins
23;51 16 1;Achat;;1951-01-01;;;1951-01-01;La Neige;Signature, S. en bas a gauche : M.GOEDGEBUER;papier;peinture a l'huile;Hauteur : 50, Largeur : 65, ;Bon;GOEDGEBUER, Michel;1951-1975;;;Peinture, tableau, musee des Augustins
24;51 17 1;Achat;;1951-06-19;;;1951-06-19;Fillette au chapeau de paille;Signature, S.D. en bas a droite : M.G.PONCELET 51;papier;aquarelle;Hauteur : 53, Largeur : 36, ;Correct;PONCELET, Maurice Georges;1951;;;Dessin, musee des Augustins
25;51 21 1;Legs;;1951-01-01;;;1951-01-01;Napoleon III et son officier des guides;Monogramme, S. en bas a gauche : F.;papier;gouache;Hauteur : 17.5, Largeur : 14, ;Bon;FOUSSEREAU, Joseph-Marie;1853 avant;;;Dessin, musee des Augustins
26;52 4 1;Achat;;1952-02-14;;;1952-02-14;L'Atelier;Signature, Date, S.D.H.G. : F.JOUSSELIN 51;toile;peinture a l'huile;Hauteur : 130, Largeur : 97, ;Excellent;JOUSSELIN, Francois;1951;;;Peinture, tableau, musee des Augustins
27;52 13 1;Achat;;1952-01-01;;;1952-01-01;LES POISSONS;Signature, Date, S.D. en bas a droite : MARCOU 52;isorel;peinture a l'huile;Hauteur : 49.5, Largeur : 60.5, ;Mauvais;MARCOU, Paul;1952;;;Peinture, tableau, musee des Augustins
28;53 3 1;Transfert;;1953-01-01;;;1953-01-01;Figure drapee;NO 486 (ETIQUETTE ANCIENNE), NO 1408;cire;modelage;Hauteur : 10, Largeur : 5.3, Profondeur : 2.8;Excellent;Anonyme;1701-1800;;;Sculpture, figurine, musee des Augustins
29;53 7 1;Don;;1953-01-01;;;1953-01-01;Epigramme grecque;Monogramme, S. en bas a droite : EB;papier ocre;gouache;Hauteur : 26, Largeur : 20, ;Correct;BOURDELLE, Emile Antoine;1901-1925;;;Dessin, partie d'un ensemble de dessins, musee des Augustins
30;53 11 2;Don;;1953-01-01;;;1953-01-01;cul de lampe;;pierre;haut-relief;Hauteur : 20.5, Largeur : 19, Profondeur : 20;Excellent;Anonyme;1501-1600;decor d'architecture;Auzeville;Sculpture, relief, musee des Augustins
31;53 12 1;Don;;1953-01-01;;;1953-02-06;Paysage de printemps;Signature, Date, S.D. en bas a gauche : M.GOEDGEBUER 53;contreplaque;peinture a l'huile;Hauteur : 27, Largeur : 41, ;Bon;GOEDGEBUER, Michel;1953;;;Peinture, tableau, musee des Augustins
32;53 13 1;Achat;;1953-01-01;;;1953-01-01;Trois Gitanes;Signature, S. en bas a gauche : SCHINTONE;toile;peinture a l'huile;Hauteur : 81, Largeur : 60, ;Bon;SCHINTONE, Daniel;1926-1950;;;Peinture, tableau, musee des Augustins
33;54 2 1 A;Transfert;;1954-01-01;;;1954-01-01;Vierge foulant le dragon;;albatre;taille;Hauteur : 31, Largeur : 13, Profondeur : 92;Correct;Anonyme;1801-1900;;;Sculpture, groupe relie, musee des Augustins
34;54 3 1;Achat;;1954-01-01;;;1954-01-01;Portrait du sculpteur Marc Arcis;;toile;peinture a l'huile;Hauteur : 88, Largeur : 69, ;Correct;RIVALZ, Antoine;1726-1735;;;Peinture, tableau, musee des Augustins
35;54 4 1;Don;;1954-01-01;;;1954-01-01;Linteau aux armes d'Etienne Tournire, procureur au;Inscription, Armoiries,  : ;pierre;taille;Hauteur : 42, Largeur : 135, Profondeur : 36;Correct;Anonyme toulousain;1550-1571;decor d'architecture;Toulouse;Sculpture, relief, musee des Augustins
36;56 1 1;Achat;;1955-07-12;;;1955-10-11;Portrait de M. Le Prestre;Signature, S.D. en bas a droite : PEINT PAR FRANCOIS DE TROY EN 1722;toile;peinture a l'huile;Hauteur : 81, Largeur : 65, ;Excellent;TROY, Francois de;1722;;;Peinture, tableau, musee des Augustins
37;56 1 2;Achat;;1955-07-12;;;1955-10-11;Portrait de Mme Le Prestre;Signature, S.D. en bas a gauche : PEINT PAR FRANCOIS DE TROY EN 1722;toile;peinture a l'huile;Hauteur : 81, Largeur : 65, ;Excellent;TROY, Francois de;1722;;;Peinture, tableau, musee des Augustins
38;56 2 1;Don;;1955-01-01;;;1955-01-01;Nu demi couche;;toile;peinture a l'huile;Hauteur : 40, Largeur : 54, ;Excellent;MORERE, Rene;1927-1942;;;Peinture, tableau, musee des Augustins
39;56 7 1;Don;;1956-01-01;;;1956-01-01;Vierge a l'Enfant;;bois;peinture a l'huile;Hauteur : 101, Largeur : 73, ;Bon;TASSEL, Jean;1647-1667;;;Peinture, tableau, musee des Augustins
40;56 10 1;Don;;1956-01-01;;;1956-01-01;Paysage de ruines en Italie;Signature, S. en bas a droite : P. PASCAL 1874;papier;gouache;Hauteur : 45, Largeur : 31, Hauteur avec cadre en cm : 79,5;Correct;PASCAL, Paul;1874;;;Dessin, musee des Augustins
41;RO 813;Mode d'acquisition inconnu;;1920-01-01;;;1920-01-01;Saint Jean-Baptiste;;toile;peinture a l'huile;Hauteur : 202, Largeur : 133, ;Bon;Anonyme francais;1701-1800;;;Peinture, tableau, musee des Augustins
42;RO 838;Legs;;1892-01-01;;;1892-01-01;Vue de la place Saint-Marc a Venise;;toile;peinture a l'huile;Hauteur : 56, Largeur : 73, Hauteur avec cadre en cm : 82;Mauvais;Anonyme venitien;1701-1800;;;Peinture, tableau, musee des Augustins
43;RO 840;Legs;;1892-01-01;;;1892-01-01;Porte antique;;toile;peinture a l'huile;Hauteur : 24, Largeur : 18, ;Mauvais;GUARDI, Francesco;1701-1800;;;Peinture, tableau, musee des Augustins
44;RO 854;Legs;;1892-01-01;;;1892-01-01;Marche au poisson au bord de la mer;Signature, S. en bas a gauche : J.F.BESCHEI;bois;peinture a l'huile;Hauteur : 50.2, Largeur : 73.9, Hauteur avec cadre en cm : 73;Mauvais;BESCHEY, Jan Frans;1751-1800;;;Peinture, Marine, musee des Augustins
45;RO 855;Legs;;1892-01-01;;;1892-01-01;Marche sur une place de village;Signature, S. en bas a gauche : J.F.BESCHEI;bois;peinture a l'huile;Hauteur : 50.2, Largeur : 73.9, ;Bon;BESCHEY, Jan Frans;1751-1800;;;Peinture, tableau, musee des Augustins
46;RO 869;Mode d'acquisition inconnu;;1835-01-01;;;1835-01-01;Adoration des bergers;;cuivre;peinture a l'huile;Hauteur : 57, Largeur : 43.5, ;Mauvais;Anonyme flamand;1601-1700;;;Peinture, tableau, musee des Augustins
47;RO 874;Legs;;1892-01-01;;;1892-01-01;Joueurs de morra;Inscription;toile;peinture a l'huile;Hauteur : 35.3, Largeur : 29, ;Bon;BOTH, Andries;indeterminee;;;Peinture, tableau, musee des Augustins
48;RO 875;Legs;;1892-01-01;;;1892-01-01;Paysage;;bois;peinture a l'huile;Hauteur : 25, Largeur : 32, ;Excellent;BOUDEWYNS, Adriaen Frans;indeterminee;;;Peinture, tableau, musee des Augustins
49;RO 879;Legs;;1892-01-01;;;1892-01-01;Panorama avec lâ€™eglise de Loosduinen (le;Signature, S.D. en bas a droite : ;bois;peinture a l'huile;Hauteur : 14,4, Largeur : 18,7, ;Excellent;CROOS, Anthony Jansz van der;1665;;;Peinture, Paysage, musee des Augustins
50;RO 885;Legs;;1892-01-01;;;1892-01-01;La Haye vue du Nord (Les Denicheurs d'oiseaux);Signature, S.D. en bas a droite : ;Bois de chene a fil vertical;peinture a l'huile;Hauteur : 48, Largeur : 62, ;Bon;CROOS, Anthony Jansz van der;1655;;;Peinture, Paysage, musee des Augustins
51;RO 982;Don;;1921-01-01;;;1921-01-01;La Madeleine;Signature, S. en bas a droite : MARQUESTE;toile;peinture a l'huile;Hauteur : 147, Largeur : 95, ;Bon;MARQUESTE, Laurent-Honore;1874-1920;;;Peinture, tableau, musee des Augustins
52;RO 1020;Don;;1930-01-01;;;1930-01-01;Portrait du peintre Henri de Toulouse-Lautrec;Dedicace, Signature, S.D. Dedicace en haut a droite : A HENRI DE TOULOUSE / H. RACHOU / 83;toile;peinture a l'huile;Hauteur : 71,5, Largeur : 42,5, Hauteur avec cadre en cm : 83;Mauvais;RACHOU, Henri;1883;;;Peinture, tableau, musee des Augustins
53;RO 1028;Don;;1932-01-01;;;1932-01-01;Descente de croix;;bois;peinture a l'huile;Hauteur : 104, Largeur : 70, ;Excellent;Anonyme flamand;1501-1550;;;Peinture, tableau, musee des Augustins
54;RO 1035;Legs;;1933-01-01;;;1933-01-01;Jeune femme au piano;Signature, Date, S.D. en bas a gauche : F.GAUZI 1904;toile;peinture a l'huile;Hauteur : 65, Largeur : 54, Hauteur avec cadre en cm : 74;Excellent;GAUZI, Francois;1904;;;Peinture, tableau, musee des Augustins
55;RO 1037;Legs;;1933-01-01;;;1933-01-01;Portrait de Francois Gauzi;Signature, S. en bas a gauche : [A FRANCOIS] H.TRECLAU L'artiste signait alors Treclau dans le seul but de repondre a la volonte de son pere qui trouvait que ses oeuvres deshonorait son nom.;toile;peinture a l'huile et a l'essence;Hauteur : 80, Largeur : 41, Hauteur avec cadre en cm : 95.5;Correct;TOULOUSE-LAUTREC, Henri de;1888;;;Peinture, tableau, musee des Augustins
56;RO 1055;Don;;1938-01-01;;;1938-01-01;TETE D'HOMME DU PEUPLE;Signature, S. en bas a droite : EUGENE CARRIERE;toile;peinture a l'huile;Hauteur : 46, Largeur : 38, ;Bon;CARRIERE, Eugene;1876-1900;projet;;Peinture, tableau, musee des Augustins
57;RO 1058;Don;;1938-01-01;;;1938-01-01;Anemones;Signature, Date, S.D. en bas a gauche : LISBETH DELVOLVE-CARRIERE 1937;toile;peinture a l'huile;Hauteur : 44, Largeur : 55, ;Correct;DELVOLVE-CARRIERE, Lisbeth;1937;;;Peinture, tableau, musee des Augustins
58;RO 1072;Achat;;1942-01-01;;;1942-01-01;Etude de printemps a Lanta;Signature, S. en bas a droite : PAUL RAMOND;toile;peinture a l'huile;Hauteur : 54, Largeur : 65, ;Bon;RAMOND, Paul;1926-1950;;;Peinture, tableau, musee des Augustins
59;RO 1080;Achat;;1942-01-01;;;1942-01-01;PROJET DE PLAFOND POUR LA SALLE DES MARIAGES AU;Signature, S. en bas a droite : B.BENEZET;toile;peinture a l'huile;Hauteur : 65, Largeur : 65, ;Mauvais;BENEZET, Bernard;1880-1885;;;Peinture, tableau, musee des Augustins
60;ME 140;Donation;;1811-01-01;;;1811-01-01;La Descente du Christ aux limbes;;pierre;bas-relief;Hauteur : 35, Largeur : 52, Profondeur : 40;Excellent;Anonyme toulousain;1120-1130;decor d'architecture;Monastere Notre-Dame de la Daurade;Sculpture, partie d'un ensemble de sculptures, musee des Augustins
61;ME 142;Donation;;1811-01-01;;;1811-01-01;base de colonne simple;;pierre;taille directe;Hauteur : 21, Largeur : 37, Profondeur : 37;Excellent;Anonyme toulousain;1120-1130;decor d'architecture;Monastere Notre-Dame de la Daurade;Sculpture, relief, musee des Augustins
62;ME 153;Donation;;1811-01-01;;;1811-01-01;base de colonnes jumelles;;pierre;taille directe;Hauteur : 24, Largeur : 50, Profondeur : 44;Bon;Anonyme toulousain;1120-1130;decor d'architecture;Monastere Notre-Dame de la Daurade;Sculpture, relief, musee des Augustins
63;ME 156;Donation;;1811-01-01;;;1811-01-01;base de colonnes jumelles;;pierre;taille directe;Hauteur : 22, Largeur : 49, Profondeur : 31;Mauvais;Anonyme toulousain;1120-1130;decor d'architecture;Monastere Notre-Dame de la Daurade;Sculpture, relief, musee des Augustins
64;ME 171;Donation;;1811-01-01;;;1811-01-01;Reseaux avec fruits grenus;;pierre;;Hauteur : 36, Largeur : 52, Profondeur : 40;Excellent;Anonyme toulousain;1120-1130;decor d'architecture;Monastere Notre-Dame de la Daurade;Sculpture, chapiteau de colonne simple, musee des Augustins
65;ME 172;Donation;;1811-01-01;;;1811-01-01;Hommes et animaux combattant dans des rinceaux;;pierre;taille directe;Hauteur : 32, Largeur : 54, Profondeur : 29;Excellent;Anonyme toulousain;1150 vers;decor d'architecture;Monastere Notre-Dame de la Daurade;Sculpture, bas-relief, musee des Augustins
66;ME 177;Donation;;1811-01-01;;;1811-01-01;base de colonnes jumelles;;pierre;taille directe;Hauteur : 20, Largeur : 48, Profondeur : 30;Correct;Anonyme toulousain;1101-1150;decor d'architecture;Monastere Notre-Dame de la Daurade;Sculpture, relief, musee des Augustins
67;ME 178;Donation;;1811-01-01;;;1811-01-01;Sirene se coiffant entouree d'un chasseur et d'un;;pierre;bas-relief;Hauteur : 29, Largeur : 52, Profondeur : 31;Bon;Anonyme toulousain;1151-1200;decor d'architecture;Monastere Notre-Dame de la Daurade;Sculpture, chapiteau de colonnes jumelles, musee des Augustins
68;ME 179;Donation;;1811-01-01;;;1811-01-01;base de colonnes jumelles;;pierre;taille directe;Hauteur : 23, Largeur : 31, Profondeur : 49;Bon;Anonyme toulousain;1101-1150;decor d'architecture;Monastere Notre-Dame de la Daurade;Sculpture, relief, musee des Augustins
69;ME 181;Donation;;1811-01-01;;;1811-01-01;Palmettes en fleurons, animaux dans des medaillons;;pierre;bas-relief;Hauteur : 12, Largeur : 62, Profondeur : 44;Bon;Anonyme toulousain;1151-1200;decor d'architecture;Monastere Notre-Dame de la Daurade;Sculpture, partie d'un ensemble de sculptures, musee des Augustins
70;ME 183;Donation;;1811-01-01;;;1811-01-01;Personnages et monstre dans des rinceaux;;pierre;bas-relief;Hauteur : 31, Largeur : 30, Profondeur : 28;Bon;Anonyme toulousain;1176-1200;decor d'architecture;Monastere Notre-Dame de la Daurade;Sculpture, fragment, musee des Augustins
71;ME 185;Donation;;1811-01-01;;;1811-01-01;Feuillage corinthien a double volute;;pierre;taille directe;Hauteur : 29, Largeur : 26.5, Profondeur : 27;Correct;Anonyme toulousain;1176-1200;decor d'architecture;Monastere Notre-Dame de la Daurade;Sculpture, bas-relief, musee des Augustins
72;ME 189;Donation;;1811-01-01;;;1811-01-01;Boeuf et personnage;;pierre;taille directe;Hauteur : 32, Largeur : 27, Profondeur : 28;Excellent;Anonyme toulousain;1176-1200;decor d'architecture;Monastere Notre-Dame de la Daurade;Sculpture, bas-relief, musee des Augustins
73;ME 190;Donation;;1811-01-01;;;1811-01-01;Chasse au sanglier;;pierre;taille directe;Hauteur : 30, Largeur : 26, Profondeur : 27;Bon;Anonyme toulousain;1176-1200;decor d'architecture;Monastere Notre-Dame de la Daurade;Sculpture, bas-relief, musee des Augustins
74;ME 193;Donation;;1811-01-01;;;1811-01-01;Palmettes encadrees par des demi-palmettes;;pierre;;Hauteur : 16, Largeur : 49, Profondeur : 37;Bon;Anonyme toulousain;1120-1130;decor d'architecture;Monastere Notre-Dame de la Daurade;Sculpture, tailloir de chapiteau adosse, musee des Augustins
75;ME 195;Donation;;1811-01-01;;;1811-01-01;Palmettes encadrees par des medaillons de vigne;;pierre;;Hauteur : 15, Largeur : 50, Profondeur : 44;Excellent;Anonyme toulousain;1120-1130;decor d'architecture;Monastere Notre-Dame de la Daurade;Sculpture, tailloir, musee des Augustins
76;ME 204;Donation;;1811-01-01;;;1811-01-01;Entrelacs de rubans perles;;pierre;;Hauteur : 21, Largeur : 90, Profondeur : 35;Excellent;Anonyme toulousain;1120-1130;decor d'architecture;Monastere Notre-Dame de la Daurade;Sculpture, frise, musee des Augustins
77;ME 211;Achat ?;;1828-01-01;;;1828-01-01;La Guerre des anges;;pierre;bas-relief;Hauteur : 29.5, Largeur : 29.5, Profondeur : 28.5;Excellent;Anonyme toulousain;1120-1140;decor d'architecture;Cloitre de Saint-Sernin;Sculpture, chapiteau de colonne simple, musee des Augustins
78;ME 215;Achat ?;;1828-01-01;;;1828-01-01;Rameaux;;pierre;bas-relief;Hauteur : 29.5, Largeur : 29, Profondeur : 29;Bon;Anonyme toulousain;1120-1140;decor d'architecture;Cloitre de Saint-Sernin;Sculpture, chapiteau de colonne simple, musee des Augustins
79;ME 216;Achat ?;;1828-01-01;;;1828-01-01;TETES MONSTRUEUSES;;pierre;bas-relief;Hauteur : 29, Largeur : 29, Profondeur : 30;Mauvais;Anonyme toulousain;1120-1140;decor d'architecture;Cloitre de Saint-Sernin;Sculpture, chapiteau de colonne simple, musee des Augustins
80;ME 219;Achat ?;;1828-01-01;;;1828-01-01;Animaux monstrueux dans des entrelacs vegetaux;;pierre;bas-relief;Hauteur : 29, Largeur : 29, Profondeur : 24;Mauvais;Anonyme toulousain;1120-1140;decor d'architecture;Cloitre de Saint-Sernin;Sculpture, chapiteau de colonne simple, musee des Augustins
81;ME 223;Achat ?;;1828-01-01;;;1828-01-01;Lions dans des lianes;;pierre;bas-relief;Hauteur : 30, Largeur : 29.5, Profondeur : 30.5;Correct;Anonyme toulousain;1120-1140;decor d'architecture;Cloitre de Saint-Sernin;Sculpture, chapiteau de colonne simple, musee des Augustins
82;ME 224;Achat ?;;1828-01-01;;;1828-01-01;Oiseaux dans des lianes;;pierre;bas-relief;Hauteur : 29.5, Largeur : 30, Profondeur : 29.5;Excellent;Anonyme toulousain;1120-1140;decor d'architecture;Cloitre de Saint-Sernin;Sculpture, chapiteau de colonne simple, musee des Augustins
83;ME 227;Achat ?;;1828-01-01;;;1828-01-01;Oiseaux dans des lianes;;pierre;bas-relief;Hauteur : 30, Largeur : 30, Profondeur : 30;Correct;Anonyme toulousain;1120-1140;decor d'architecture;Cloitre de Saint-Sernin;Sculpture, chapiteau de colonne simple, musee des Augustins
84;ME 234;Mode d'acquisition inconnu;;1912-01-01;;;1912-01-01;Base a la croix de Languedoc;;pierre;taille directe;Hauteur : 21, Largeur : 26, Profondeur : 26;Excellent;Anonyme toulousain;1201-1250;enfeu;Basilique Saint-Sernin;Sculpture, relief, musee des Augustins
85;ME 237;Mode d'acquisition inconnu;;1912-01-01;;;1912-01-01;Decor vegetal;;pierre;bas-relief;Hauteur : 31.5, Largeur : 48, Profondeur : 26;Correct;Anonyme toulousain ?;1076-1100;decor d'architecture;Basilique Saint-Sernin;Sculpture, chapiteau engage, musee des Augustins
86;ME 238;Mode d'acquisition inconnu;;1912-01-01;;;1912-01-01;Oves vegetaux;;pierre;bas-relief;Hauteur : 32, Largeur : 33, Profondeur : 25;Excellent;Anonyme toulousain ?;1076-1100;decor d'architecture;Basilique Saint-Sernin;Sculpture, chapiteau de colonne appliquee, musee des Augustins
87;ME 260;Mode d'acquisition inconnu;;1835-01-01;;;1835-01-01;Acanthes;;marbre;bas-relief;Hauteur : 23, Largeur : 49, Profondeur : 24;Excellent;Anonyme;1101-1200;decor d'architecture;Abbaye Saint-Paul;Sculpture, chapiteau de colonnes jumelles, musee des Augustins
88;ME 261;Mode d'acquisition inconnu;;1835-01-01;;;1835-01-01;Dieu, la Vierge a l'Enfant et deux martyrs;;marbre;taille directe;Hauteur : 131, Largeur : 63, Profondeur : 51;Correct;Anonyme;1101-1200;decor d'architecture;Cathedrale Saint-Just;Sculpture, pilier rectangulaire, musee des Augustins
89;ME 262;Mode d'acquisition inconnu;;1835-01-01;;;1835-01-01;Legende de Saint Nicolas. Le miracle des trois;;calcaire;demi-relief;Hauteur : 24.5, Largeur : 49, Profondeur : 24;Mauvais;Anonyme;1101-1200;decor d'architecture;Abbaye Saint-Paul;Sculpture, chapiteau de colonnes jumelles, musee des Augustins
90;ME 266;Mode d'acquisition inconnu;;1912-01-01;;;1912-01-01;Feuilles d'acanthe;;marbre;bas-relief;Hauteur : 29, Largeur : 24.5, Profondeur : 24;Excellent;Anonyme;indeterminee;decor d'architecture;;Sculpture, chapiteau applique de colonne simple, musee des Augustins
91;RA 1047 NN;Don;;1921-01-01;;;1921-01-01;Danton;;cire noire;modelage;Hauteur : 39, Largeur : 16, Profondeur : 15;Excellent;MARQUESTE, Laurent-Honore;1901-1925;;;Sculpture, statuette, musee des Augustins
92;RA 1047 T;Don;;1921-01-01;;;1921-01-01;Femme assise;;terre cuite;modelage;Hauteur : 20, Largeur : 11, Profondeur : 18;Correct;MARQUESTE, Laurent-Honore;1901-1925;;;Sculpture, figurine, musee des Augustins
93;RA 1047 Z;Don;;1921-01-01;;;1921-01-01;Victoire couronnant un soldat;;terre cuite;modelage;Hauteur : 24, Largeur : 11, Profondeur : 19;Bon;MARQUESTE, Laurent-Honore;1901-1925;;;Sculpture, groupe relie, musee des Augustins
94;RA 1059;Don;;1932-01-01;;;1932-01-01;clef de voute;;pierre;taille directe;Hauteur : 47.5, Largeur : 67, Profondeur : 54.5;Mauvais;Anonyme;1301-1400;decor d'architecture;Rieux-Volvestre;Sculpture, bas-relief, musee des Augustins
95;RA 1064;Don;;1900-01-01;;;1931-07-01;Deesse;Signature, Date, S.D. AR. sur le socle : Jose Clara 1909;platre;;Hauteur : 151, Largeur : 74, Profondeur : 90;Bon;CLARA, Jose;1909;;;Sculpture, ronde-bosse, musee des Augustins
96;RO 806;Mode d'acquisition inconnu;;1920-01-01;;;1920-01-01;Songe de saint Joseph;;toile;peinture a l'huile;Hauteur : 99, Largeur : 116, ;Mauvais;Anonyme francais;1601-1800;;;Peinture, tableau, musee des Augustins
97;RO 811;Mode d'acquisition inconnu;;1920-01-01;;;1920-01-01;Bapteme de Jesus;;toile;peinture a l'huile;Hauteur : 172, Largeur : 187, ;Correct;Anonyme francais;1601-1800;;;Peinture, tableau, musee des Augustins
98;RA 605;Mode d'acquisition inconnu;;1828-01-01;;;1828-01-01;bas-relief;Date, sur l'entablement : 1519;pierre;bas-relief;Hauteur : 138, Largeur : 100, ;Correct;Anonyme;1519;decor d'architecture;Porte Matabiau;Sculpture, sur porte, musee des Augustins
99;RA 607;Mode d'acquisition inconnu;;1865-01-01;;;1865-01-01;Ecusson aux armes de la ville de Toulouse;Armoiries;pierre;taille;Hauteur : 40, Largeur : 31, ;Bon;Anonyme;indeterminee;decor d'architecture;Toulouse;Sculpture, relief, musee des Augustins
100;RA 608 BIS D;Mode d'acquisition inconnu;;1912-01-01;;;1912-01-01;Debris d'ecusson;Armoiries;pierre;taille;Hauteur : 24, Largeur : 22, ;Excellent;Anonyme;indeterminee;decor d'architecture;Toulouse;Sculpture, fragment, musee des Augustins
101;RA 609 A;Don;;1835-01-01;;;1835-01-01;Cariatide engainee;;pierre;taille;Hauteur : 272, ;Bon;Anonyme;1501-1600;decor d'architecture;Maison du Juge-Mage;Sculpture, montant de fenetre, musee des Augustins
102;RA 609 C;Don;;1835-01-01;;;1835-01-01;Atlante engaine;;pierre;taille;Hauteur : 272, ;Excellent;Anonyme;1501-1600;decor d'architecture;Maison du Juge-Mage;Sculpture, montant de fenetre, musee des Augustins
103;RA 614 B;Mode d'acquisition inconnu;;1912-01-01;;;1912-01-01;OIseaux mordant un rinceau;;pierre;bas-relief;Hauteur : 22, Largeur : 25, Profondeur : 27;Mauvais;Anonyme;indeterminee;decor d'architecture;;Sculpture, partie d'un ensemble de sculptures, musee des Augustins
104;RA 631;Mode d'acquisition inconnu;;1912-01-01;;;1912-01-01;Petit chapiteau d'angle;;pierre;taille directe;Hauteur : 16, Largeur : 14, ;Mauvais;Anonyme;indeterminee;decor d'architecture;France;Sculpture, chapiteau d'angle, musee des Augustins
105;RA 655 A;Mode d'acquisition inconnu;;1912-01-01;;;1912-01-01;Chapiteau historie;;pierre;taille directe;Hauteur : 29.5, Largeur : 31.5, Profondeur : 27.5;Bon;Anonyme;1201-1300;decor d'architecture;Figeac;Sculpture, relief, musee des Augustins
106;RA 658;Mode d'acquisition inconnu;;1912-01-01;;;1912-01-01;chapiteau;;basalte;taille directe;Hauteur : 26.5, Largeur : 29, Profondeur : 29;Mauvais;Anonyme;1201-1300;decor d'architecture;France;Sculpture, relief, musee des Augustins
107;RA 659;Mode d'acquisition inconnu;;1912-01-01;;;1912-01-01;chapiteau engage pour une colonne;;calcaire;taille directe;Hauteur : 24, Hauteur : 24, Profondeur : 33;Correct;Anonyme;1201-1400;decor d'architecture;France;Sculpture, relief, musee des Augustins
108;RA 661 B;Mode d'acquisition inconnu;;1912-01-01;;;1912-01-01;Chapiteau monolithe de colonnes jumelles;;marbre;taille directe;Hauteur : 39, Largeur : 53, ;Bon;Anonyme;indeterminee;decor d'architecture;France;Sculpture, relief, musee des Augustins
109;RA 662 BIS A;Mode d'acquisition inconnu;;1912-01-01;;;1912-01-01;Chapiteau adosse pour pile polygonale;;pierre;taille directe;Hauteur : 21, Largeur : 22, Profondeur : 24.5;Excellent;Anonyme;1301-1400;decor d'architecture;France;Sculpture, relief, musee des Augustins
110;RA 662 D;Mode d'acquisition inconnu;;1912-01-01;;;1912-01-01;Lions aux prises avec des monstres ailes et;;pierre;bas-relief;Hauteur : 22.5, Largeur : 28, Profondeur : 28;Correct;Anonyme;indeterminee;decor d'architecture;;Sculpture, partie d'un ensemble de sculptures, musee des Augustins
111;RA 564;Mode d'acquisition inconnu;;1902-01-01;;;1902-01-01;Dalle funeraire de Jean Molinier;EpitapheEPITAPHE DE JEAN MOLINIER;calcaire;bas-relief;Hauteur : 129.5, Largeur : 55, Profondeur : 13;Mauvais;Anonyme;1401-1500;;Chapelle des Saints-Anges;Sculpture, Dalle funeraire a bas-relief de Jean Molinier,, musee des Augustins
112;RA 565;Mode d'acquisition inconnu;;1818-01-01;;;1818-01-01;Dalle funeraire d'Arnaud De Vigniaulx;Epitaphe;marbre;relief grave;Hauteur : 227, Largeur : 103, ;Bon;Anonyme;1576-1600;decor d'architecture;Couvent des Cordeliers;Sculpture, dalle funeraire, musee des Augustins
113;RA 567 A;Mode d'acquisition inconnu;;1835-01-01;;;1835-01-01;Prophete;;pierre;taille;Diametre : 37, ;Mauvais;Anonyme;1501-1525;decor d'architecture;Couvent des Augustins;Sculpture, clef de voute, musee des Augustins
114;RA 567 C;Mode d'acquisition inconnu;;1835-01-01;;;1835-01-01;David;;pierre;taille;Diametre : 36.5, Profondeur : 12.5, ;Bon;Anonyme;1501-1525;decor d'architecture;Couvent des Augustins;Sculpture, applique de clef de voute, musee des Augustins
115;RA 569 B;Mode d'acquisition inconnu;;1912-01-01;;;1912-01-01;cul de lampe;Ecu;pierre;bas-relief;Hauteur : 44, Largeur : 74.5, Profondeur : 42.5;Bon;Anonyme;1301-1400;decor d'architecture;Couvent des Augustins;Sculpture, partie d'un ensemble de sculptures, musee des Augustins
116;RA 570 A;Mode d'acquisition inconnu;;1912-01-01;;;1912-01-01;chapiteau engage;;calcaire;taille directe;Hauteur : 33.5, Largeur : 82, Profondeur : 43.5;Correct;Anonyme;1301-1400;decor d'architecture;Couvent des Augustins;Sculpture, relief, musee des Augustins
117;RA 570 B;Mode d'acquisition inconnu;;1912-01-01;;;1912-01-01;chapiteau engage;;calcaire;bas-relief;Hauteur : 34, Largeur : 88.5, Profondeur : 43;Mauvais;Anonyme;1301-1400;decor d'architecture;Couvent des Augustins;Sculpture, relief, musee des Augustins
118;RA 570 D;Mode d'acquisition inconnu;;1912-01-01;;;1912-01-01;Petit chapiteau de colonne engagee;;pierre;taille directe;Hauteur : 25, ;Mauvais;Anonyme;1301-1400;decor d'architecture;Couvent des Augustins;Sculpture, relief, musee des Augustins
119;2004 1 346;Transfert de propriete de l'Etat;;2004-04-02;;;2004-04-02;Vision de saint Bernard, abbe de Clairvaux;Inscription, Etiquette, revers : ;cuivre;peinture a l'huile;Hauteur : 32, Largeur : 25, ;Correct;Anonyme italien;1676-1700;;;Peinture, tableau, musee des Augustins
120;2004 1 347;Transfert de propriete de l'Etat;;2004-04-02;;;2004-04-02;Gibier et fruits;Inscription, Etiquette,  : ;toile;peinture a l'huile;Hauteur : 47, Largeur : 62,5, ;Excellent;Anonyme romain;1701-1725;;;Peinture, tableau, musee des Augustins
121;2004 1 351;Transfert de propriete de l'Etat;;2004-04-02;;;2004-04-02;Taureau romain;;toile;peinture a l'huile;Hauteur : 47, Largeur : 63, ;Excellent;ROOS, Philipp Peter;1676-1700;;;Peinture, tableau, musee des Augustins
122;2004 1 352;Transfert de propriete de l'Etat;;2004-04-02;;;2004-04-02;Histoire de saint Jean-Baptiste;;bois;peinture a l'huile;Hauteur : 153, Largeur : 79, Hauteur : 145;Mauvais;Anonyme flamand;1501-1600;;Chapelle de la grand'chambre;Peinture, triptyque, musee des Augustins
123;2004 1 363;Transfert de propriete de l'Etat;;2004-04-02;;;2004-04-02;Lisiere de foret;;toile;peinture a l'huile;Hauteur : 32, Largeur : 40, ;Mauvais;FOUQUIERES, Jacques;1600-1659;;;Peinture, tableau, musee des Augustins
124;2004 1 366;Transfert de propriete de l'Etat;;2004-04-02;;;2004-04-02;Buveurs et danseurs devant une auberge;;toile;peinture a l'huile;Hauteur : 61, Largeur : 74, ;Excellent;BLOEMEN, Pieter van;indeterminee;;;Peinture, La Halte a l'auberge, musee des Augustins
125;2004 1 369;Transfert de propriete de l'Etat;;2004-04-02;;;2004-04-02;Thomyris reine des Massagetes;;toile;peinture a l'huile;Hauteur : 264, Largeur : 197, Hauteur avec cadre en cm : 275;Excellent;LARGILLIERE, Nicolas de;1718 vers;;;Peinture, Thomyris reine des Massagetes, musee des Augustins
126;2004 1 374;Transfert de propriete de l'Etat;;2004-04-02;;;2004-04-02;Nature morte avec grenades;Signature, Date, S.D. en bas : W.V.AELST 1645;toile;peinture a l'huile;Hauteur : 37, Largeur : 47, ;Excellent;AELST, Willem van;1626-1650;;;Peinture, Tableau de fruits, musee des Augustins
127;2004 1 377;Transfert de propriete de l'Etat;;2004-04-02;;;2004-04-02;La Partie de des;;toile;peinture a l'huile;Hauteur : 54, Largeur : 73.5, ;Excellent;FERGUSON, H.;1685-1730;;;Peinture, tableau, musee des Augustins
128;2004 1 379;Transfert de propriete de l'Etat;;2004-04-02;;;2004-04-02;Lucrece a l'ouvrage;Signature, S.D. a droite : ;bois de chene a fil horizontal;peinture a l'huile;Hauteur : 44, Largeur : 54, ;Correct;POORTER, Willem de;1633;;;Peinture, LUCRECE AU TRAVAIL, musee des Augustins
129;2004 1 380;Transfert de propriete de l'Etat;;2004-04-02;;;2004-04-02;Berger et vachere;Numero;Bois de chene a fil vertical;peinture a l'huile;Hauteur : 36.7, Largeur : 41.5, ;Correct;VELDE, Adriaen van de;1660-1670;;;Peinture, Scene pastorale, musee des Augustins
130;2004 1 382;Transfert de propriete de l'Etat;;2004-04-02;;;2004-04-02;Scene de port;;cuivre;peinture a l'huile;Hauteur : 18.7, Largeur : 30.5, ;Excellent;Anonyme flamand;1601-1700;;;Peinture, Marine, musee des Augustins
131;2004 1 383;Transfert de propriete de l'Etat;;2004-04-02;;;2004-04-02;Berger jouant de la flute;Inscription;cuivre;peinture a l'huile;Hauteur : 22.3, Largeur : 16.4, ;Bon;Anonyme hollandais;1601-1700;;;Peinture, Paturage, musee des Augustins
132;2004 1 389;Transfert de propriete de l'Etat;;2004-04-02;;;2004-04-02;Tete de jeune fille;;papier;pastel;Hauteur : 45, Largeur : 37, ;Correct;HOIN, Claude;1776-1800;;;Dessin, musee des Augustins
133;2004 1 390;Transfert de propriete de l'Etat;;2004-04-02;;;2004-04-02;Peintures murales des Thermes de Titus a Rome;Signature, Date, S.D. en bas a droite : Girolamo Candia archi disegno nel 1778;papier;gouache;Hauteur : 61, Largeur : 77, ;Mauvais;CANDIA, Girolamo;1778;;;Dessin, tableau, musee des Augustins
134;2004 1 402;Transfert de propriete de l'Etat;;2004-04-02;;;2004-04-02;Portrait de Charles X;;toile;peinture a l'huile;Hauteur : 258, Largeur : 182, ;Bon;HARDIVILLER, Charles-Achille d';1826;;;Peinture, tableau, musee des Augustins
135;2004 1 403;Transfert de propriete de l'Etat;;2004-04-02;;;2004-04-02;Portrait de Louis-Philippe;;toile;peinture a l'huile;Hauteur : 260, Largeur : 195, ;Mauvais;GREVENICH;1831;;;Peinture, tableau, musee des Augustins
136;2004 1 406;Transfert de propriete de l'Etat;;2004-04-02;;;2004-04-02;Deux Vestales preparant un sacrifice;;toile;peinture a l'huile;Hauteur : 73, Largeur : 60, ;Mauvais;CALLET, Antoine Francois;1770;;;Peinture, tableau, musee des Augustins
137;2004 1 408;Transfert de propriete de l'Etat;;2004-04-02;;;2004-04-02;Bataille;;toile;peinture a l'huile;Hauteur : 87, Largeur : 107, ;Bon;VERDUSSEN, Jan Peeter;1751-1775;;;Peinture, tableau, musee des Augustins
138;2004 1 411;Transfert de propriete de l'Etat;;2004-04-02;;;2004-04-02;Saint Roch secouru par un ange;;toile;peinture a l'huile;Hauteur : 225, Largeur : 179, ;Bon;LEBRE, Andre;1651-1700;;;Peinture, tableau, musee des Augustins
139;2004 1 422;Transfert de propriete de l'Etat;;2004-04-02;;;2004-04-02;L'Abreuvoir;;toile;peinture a l'huile;Hauteur : 49.3, Largeur : 73.5, ;Mauvais;BLOEMEN, Pieter van;indeterminee;;;Peinture, tableau, musee des Augustins
140;2004 1 430;Transfert de propriete de l'Etat;;2004-04-02;;;2004-04-02;Le Retour;;marbre;taille directe;Hauteur : 200, Largeur : 97, Profondeur : 97;Mauvais;SEYSSES, Auguste;1898;;;Sculpture, groupe relie, musee des Augustins
141;2004 1 431;Transfert de propriete de l'Etat;;2004-04-02;;;2004-04-02;Velleda;;marbre;taille directe;Hauteur : 140, Largeur : 72, Profondeur : 163;Excellent;MARQUESTE, Laurent-Honore;1877;;;Sculpture, statue, musee des Augustins
142;2005 0 88;Devolution;;1980-01-01;;;1980-01-01;Piedroit du portail saint-Nicolas;;pierre;;Hauteur : 72, Largeur : 30, Profondeur : 19;Bon;Anonyme;indeterminee;;Eglise Saint-Nicolas;Sculpture, fragment, musee des Augustins
143;2005 0 116;Mode d'acquisition inconnu;;1927-01-01;;;1927-01-01;chapiteau de pilastre;;pierre;;Hauteur : 23, Largeur : 80, Profondeur : 60;Correct;Anonyme;indeterminee;decor d'architecture;Eglise Notre-Dame de la Dalbade;Sculpture, fragment de, musee des Augustins
144;2005 0 124;Don;;1983-01-01;;;1983-01-01;Portrait de Paul Albert Vidal;Denomination, En bas au centre : ;platre;;Hauteur : 51,5, Largeur : 40, Profondeur : 11;Excellent;SARRABEZOLLES, Charles Marie Louis dit Carlo;1932;;;Sculpture, bas-relief, musee des Augustins
145;2005 0 147;Achat au salon;;1934-01-01;;;1934-01-01;Femme allongee;Signature, Date,  : G. GISCARO 1934;terre cuite;;Hauteur : 43, Largeur : 66, Profondeur : 25;Bon;SURGET-GISCARO, Germaine;1934;;;Sculpture, statuette, musee des Augustins
146;2005 0 151;Achat;;1987-11-01;;;1987-11-01;base mouluree;;marbre;;Hauteur : 18, Largeur : 60, Profondeur : 29;Excellent;Anonyme francais;1801-1900;;;Sculpture, musee des Augustins
147;2005 0 156;Devolution;;1977-01-01;;;1977-02-01;Element d'une fenetre;;pierre;;Hauteur : 10,5, Largeur : 65, Profondeur : 18;Correct;Anonyme;1501-1700;element d'architecture;;Sculpture, frise, musee des Augustins
148;2005 0 177;Mode d'acquisition inconnu;;1927-01-01;;;1927-01-01;Culot a tete humaine;;pierre;;Hauteur : 18, Largeur : 35, Profondeur : 25;Correct;Anonyme;1501-1550;decor d'architecture;Eglise Notre-Dame de la Dalbade;Sculpture, culot, musee des Augustins
149;2005 0 263;Transfert;;1949-01-01;;;1949-04-27;Inscription du Moulin du chateau narbonnais;Inscription sur la construction du batiment en 1714;pierre;;Hauteur : 61, Largeur : 113, Profondeur : 11,5;Excellent;Anonyme;1714;;Chateau narbonnais;Sculpture, inscription, musee des Augustins
150;2005 0 265;Mode d'acquisition inconnu;;1927-01-01;;;1927-01-01;Inscription de Paul Le Bert Sabatye;InscriptionPAUL LE BERT / SABATYE;pierre;;Hauteur : 73, Largeur : 46, Profondeur : 13;Bon;Anonyme;indeterminee;;Eglise Notre-Dame de la Dalbade;Sculpture, inscription, musee des Augustins
151;2007 0 1;Saisie revolutionnaire;;1794-01-01;;;1794-01-01;Bapteme de Jesus;Etiquette, Sur le cadre : 1893-753;toile;peinture a l'huile;Hauteur : 268, Largeur : 201, ;Bon;CROZAT, Ambroise;1701-1725;plafond;Eglise des Penitents blancs;Peinture, tableau, musee des Augustins
152;2007 0 3;Saisie revolutionnaire;;1795-01-01;;;1795-01-01;Enlevement des Sabines;;toile;peinture a l'huile;Hauteur : 169.5, Largeur : 255, Hauteur avec cadre en cm : 191.5;Mauvais;D'AMBRUN, Carle;1751-1800;;;Peinture, tableau, musee des Augustins
153;2007 0 10;Mode d'acquisition inconnu;;1964-01-01;;;1964-01-01;Portrait de Louis Deloume;Signature, Date, S.D.H.D. : M.CARTAILHAC 1907;toile;peinture a l'huile;Hauteur : 61, Largeur : 50, ;Bon;CARTAILHAC, Madeleine;1907;;;Peinture, tableau, musee des Augustins
154;2007 0 11;Achat ?;;1942-01-01;;;1942-01-01;Nu;Signature, S.D. en bas a droite : G.DUBOUL 42;toile;peinture a l'huile;Hauteur : 66.5, Largeur : 75, ;Bon;DUBOUL, Genevieve;1942;;;Peinture, tableau, musee des Augustins
155;2007 0 26;Achat;;1967-01-01;;;1967-01-01;Au Ramier;Signature, Date, S.D. en bas a gauche : arthur fages / 48;toile;peinture a l'huile;Hauteur : 59,5, Largeur : 92,5, Hauteur avec cadre en cm : 81,5;Mauvais;FAGES, Arthur;1948;;;Peinture, musee des Augustins
156;2007 0 38;Legs;;1976-01-01;;;1976-01-01;Portrait d'un noble;;toile;peinture a l'huile;Hauteur : 74, Largeur : 60, ;Correct;Anonyme francais;1701-1800;;;Peinture, tableau, musee des Augustins
157;2007 0 46;Legs;;1976-01-01;;;1976-01-01;A Saint-Just de Valcabrere;Signature, Date, S.D. en bas a gauche : J.DIFFRE 1918;toile;peinture a l'huile;Hauteur : 55, Largeur : 43, ;Excellent;DIFFRE, Jean;1918;;;Peinture, tableau, musee des Augustins
158;2007 0 50;Legs;;1976-01-01;;;1976-01-01;Nu dans l'atelier;Signature, Dedicace, En bas a droite : Aux amis Rulhe Bien cordialement A Seysses;toile;peinture a l'huile;Hauteur : 55, Largeur : 38, Hauteur avec cadre en cm : 61;Bon;SEYSSES, Auguste;1901-1950;;;Peinture, tableau, musee des Augustins
159;2007 0 51;Legs;;1976-01-01;;;1976-01-01;Les meules;Signature, En bas a droite : ;toile;peinture a l'huile;Hauteur : 89, Largeur : 116,5, ;Excellent;SEYSSES, Auguste;1901-1950;;;Peinture, tableau, musee des Augustins
160;2007 0 54;Legs;;1976-01-01;;;1976-01-01;Au champ de courses a Evreux;Signature, Insc. conc. la representation, S.D. en bas a gauche : C.TERECHKOVITCH - COURSES A EVREUX - PRINTEMPS 1936;toile;peinture a l'huile;Hauteur : 45, Largeur : 81, ;Correct;TERECHKOVITCH, Kostia;1936;;;Peinture, tableau, musee des Augustins
161;2007 0 61;Don;;1968-01-01;;;1968-01-01;Portrait de Jean Felix Borrel;Dedicace, Au revers : A Monsieur Denis Milhau / conservateur du musee des Augustins / a Toulouse, avec l'expression de / toute ma reconnaissante sympathie Signe;papier;plume;Hauteur : 31,5, Largeur : 25,5, ;Correct;CAMBON, Felix;1951-1975;;;Arts graphiques, dessin, musee des Augustins
162;2007 0 62;Don;;1977-07-06;;;1977-07-06;Quai des pecheurs a Ostende;Signature, S. en bas a gauche : REGNIER DE HERDE;toile;peinture a l'huile;Hauteur : 90, Largeur : 70, ;Bon;HERDE, Regnier de;1951-2000;;;Peinture, tableau, musee des Augustins
163;2007 0 69;Don;;1986-05-01;;;1986-05-01;Portrait de Mademoiselle Faure;Signature, Date, S.D. au centre a droite : Alph. Faure / 1915;toile;peinture a l'huile;Hauteur : 60, Largeur : 50, ;Excellent;FAURE, Alphonse;1915;;;Peinture, tableau, musee des Augustins
164;2007 5 1;Achat;;2007-03-23;;15 000,00 EUR;2007-03-23;Le Premier Deuil;Signature, Date, En bas a droite : E. DEBAT-PONSAN 1874;toile;peinture a l'huile;Hauteur : 50, Largeur : 61, Hauteur avec cadre en cm : 58,5;Correct;DEBAT-PONSAN, Edouard;1874;;;Peinture, tableau, musee des Augustins
165;2008 1 1;Achat;;2008-11-21;;70 000,00 EUR;2008-11-21;Vallee du Tibre, campagne romaine;;toile;peinture a l'huile;Hauteur : 92,7, Largeur : 130,2, Hauteur avec cadre en cm : 110.5;Correct;BOGUET, Nicolas-Didier;1801-1850;;;Peinture, tableau, musee des Augustins
166;2009 4 1;Achat;;2009-06-26;;25 000,00 EUR;2009-06-26;Portrait de femme en Venus desarmant l'Amour;;toile;peinture a l'huile;Hauteur : 129,5, Largeur : 97, ;Correct;TROY, Francois de;1700;;;Peinture, tableau, musee des Augustins
167;2009 5 1;Achat;;2009-06-26;;13 500,00 EUR;2009-06-26;Diane;Etiquette, Au dos : Falguiere / terre cuite originale / de la Diane / ... ... ... / Ary Bitter /  (sur le cote droit, a la verticale) donne par / Bertaux;terre cuite;;Hauteur avec socle : 34, Largeur avec socle : 14,7, Profondeur avec socle : 16,5;Bon;FALGUIERE, Jean-Alexandre-Joseph;1882 vers;;;Sculpture, tete, musee des Augustins
168;2011 1 2;Achat;;2011-06-24;;26 000,00 EUR;2011-06-24;Portrait de jeune homme barbu dit l'Albinos;Signature, S. en haut a droite : Benjamin-Constant;toile;peinture a l'huile;Hauteur : 73,5, Largeur : 61, Hauteur avec cadre en cm : 97;Bon;BENJAMIN-CONSTANT (dit);1876-1900;;;Peinture, tableau, musee des Augustins
169;2012 1 1;Devolution;;2012-09-03;;;2012-09-03;Mercure;;bronze;fonte;Hauteur : 189, Largeur : 50, Profondeur : 50;Excellent;Anonyme;indeterminee;commande;;Sculpture, statue, musee des Augustins
170;10872;Transfert;;1952-01-01;;;1952-01-01;Mathilde et Abd-El-Malik;;toile;peinture a l'huile;Hauteur avec cadre en cm : 157, Largeur avec cadre en cm : 84, Hauteur : 99;Excellent;Anonyme francais;1801-1900;decor de meuble;;Peinture, trumeau, musee des Augustins
171;ME 10;Achat ?;;1817-01-01;;;1817-01-01;Palmettes en fleurons;;pierre;bas-relief;Hauteur : 16, Largeur : 25, Profondeur : 25;Mauvais;Anonyme toulousain;1120-1140;decor d'architecture;Cathedrale Saint-Etienne;Sculpture, partie d'un ensemble de sculptures, musee des Augustins
172;ME 12;Achat ?;;1817-01-01;;;1817-01-01;TREILLIS DE CORDAGE;;pierre;bas-relief;Hauteur : 32, Largeur : 60, Profondeur : 40;Excellent;Anonyme toulousain;1120-1140;decor d'architecture;Cathedrale Saint-Etienne;Sculpture, partie d'un ensemble de sculptures, musee des Augustins
173;ME 14;Achat ?;;1817-01-01;;;1817-01-01;Oves vegetaux et double ruban;;pierre;bas-relief;Hauteur : 16, Largeur : 38, Profondeur : 26;Excellent;Anonyme toulousain;1120-1140;decor d'architecture;Cathedrale Saint-Etienne;Sculpture, partie d'un ensemble de sculptures, musee des Augustins
174;ME 15;Achat ?;;1817-01-01;;;1817-01-01;Saint Pierre et saint Paul;;pierre;bas-relief;Hauteur : 115, Largeur : 47, Profondeur : 24.5;Excellent;Anonyme;1120-1140;decor d'architecture;Cathedrale Saint-Etienne;Sculpture, partie d'un ensemble de sculptures, musee des Augustins
175;ME 17;Achat ?;;1817-01-01;;;1817-01-01;Grecque et ruban;;pierre;bas-relief;Hauteur : 16.5, Largeur : 16.5, Profondeur : 20;Bon;Anonyme toulousain;1120-1140;decor d'architecture;Cathedrale Saint-Etienne;Sculpture, partie d'un ensemble de sculptures, musee des Augustins
176;ME 19;Achat ?;;1817-01-01;;;1817-01-01;Saint Jacques le Mineur;;pierre;bas-relief;Hauteur : 115, Largeur : 33, Profondeur : 23;Excellent;Anonyme toulousain;1120-1140;decor d'architecture;Cathedrale Saint-Etienne;Sculpture, partie d'un ensemble de sculptures, musee des Augustins
177;83 12 3;Achat;;1983-01-01;;;1983-10-13;chapiteau pour une colonne;;pierre;bas-relief;Hauteur : 24, Largeur : 26, Profondeur : 23.5;Correct;Anonyme languedocien;1201-1300;decor d'architecture;Tarn-et-Garonne;Sculpture, relief, musee des Augustins
178;83 14 1;Achat;;1983-01-01;;;1983-01-01;Une figure de terre cuite de Saint-Sernin aux;Signature, S. en bas a droite : GEORGES CASTEX;toile;peinture a l'huile;Hauteur : 131, Largeur : 89, ;Mauvais;CASTEX, Georges;1905-1910;;;Peinture, tableau, musee des Augustins
179;83 15 1;Don;;1983-01-01;;;1983-01-01;montant de fenetre;;pierre;taille directe;Hauteur : 200, Largeur : 51.5, ;Correct;Anonyme;1526-1550;decor d'architecture;Hotel du Vieux Raisin;Sculpture, relief, musee des Augustins
180;85 3 1;Achat;;1985-08-09;;;1985-08-09;Portrait d'homme;Signature, Date, En haut a droite : Hri Loubat / 1902;isorel;peinture a l'huile;Hauteur : 52,8, Largeur : 46, ;Correct;LOUBAT, Henri Jean Pierre;1902;;;Peinture, tableau, musee des Augustins
181;86 2 1;Don;;1986-05-01;;;1986-05-01;Portrait de femme au chapeau;Signature, Date, S.D. en bas a droite : ALPH.FAURE 1911;toile;peinture a l'huile;Hauteur : 61, Largeur : 50, ;Mauvais;FAURE, Alphonse;1911;;;Peinture, tableau, musee des Augustins
182;86 2 5;Don;;1986-05-01;;;1986-05-01;Femme se coiffant;Signature, S. en bas a droite : ALPH.FAURE;toile;peinture a l'huile;Hauteur : 55, Largeur : 38, ;Correct;FAURE, Alphonse;1901-1950;;;Peinture, tableau, musee des Augustins
183;86 5 1;Achat;;1986-07-10;;;1986-07-10;Picot de Lapeyrouse;Signature, Date, sur le socle, a gauche : par / Griffoul-Dorval / en 1812;terre cuite;modelage;Hauteur : 74, Largeur : 53, Profondeur : 28;Bon;GRIFFOUL-DORVAL, Bernard;1812;;;Sculpture, buste, musee des Augustins
184;88 3 1;Achat;;1987-01-01;;;1987-01-01;Portrait de la comtesse Charles de Bertier de;Signature, Date, S.D. en bas a droite : A.PICHON 1858;toile;peinture a l'huile;Hauteur : 130, Largeur : 95, Hauteur avec cadre en cm : 165.5;Mauvais;PICHON, Auguste;1858;;;Peinture, tableau, musee des Augustins
185;89 3 1;Achat en vente publique;;1989-03-13;;;1989-03-13;Portrait d'un magistrat;;toile;peinture a l'huile;Hauteur : 67, Largeur : 55, ;Excellent;Anonyme francais;1601-1700;;;Peinture, tableau, musee des Augustins
186;89 7 1;Don;;1995-12-01;;;1995-12-01;Pierre de Fermat;Signature, Date,  : A. Falguiere 1881;platre;;Hauteur : 171, Largeur : 89, Profondeur : 127;Excellent;FALGUIERE, Jean-Alexandre-Joseph;1881;commande;Hotel d'Assezat;Sculpture, statue, musee des Augustins
187;92 1 1;Achat;;1992-01-01;;;1992-06-26;"Etude pour le ""pillage a la Giudecca de Venise""";Monogramme, En bas a gauche : ;papier;fusain;Hauteur : 38, Largeur : 36.5, ;Bon;ROBERT-FLEURY, Joseph Nicolas;1855;;;Dessin, dessin, musee des Augustins
188;1996 2 2;Don;;1996-03-05;;;1996-03-05;Daura;;aluminium;;Hauteur : 34, Largeur : 18, Profondeur : 14.5;Bon;DAURA, Pierre;1960;;;Sculpture, sculpture, musee des Augustins
189;1996 2 16;Don;;1996-03-05;;;1996-03-05;Fruits;;papier;aquarelle;Hauteur : 49, Largeur : 62.5, ;Excellent;DAURA, Pierre;1974;;;Arts graphiques, Nature morte, musee des Augustins
190;1998 3 1;Achat;;1998-01-01;;;1998-01-01;Adoration des bergers;;toile;peinture a l'huile;Hauteur : 59 cm, Largeur : 76,5 cm, ;Bon;DESPAX, Jean-Baptiste;1749 vers;decor;Eglise de Cintegabelle;Peinture, tableau, musee des Augustins
191;1999 3 1;Achat;;1999-01-01;;;2000-01-17;Jeune femme assise au tambourin;Signature, Date, sur la terrasse : A INJALBERT 1902;bronze;fonte;Hauteur : 42, Largeur : 19,5, Profondeur : 31;Correct;INJALBERT, Jean-Antonin;1902;;;Sculpture, statuette, musee des Augustins
192;2001 3 1;Don;;2001-01-01;;25 000,00 FRF;2001-01-01;L'Abdication du doge Foscari;;toile;peinture a l'huile;Hauteur : 41.5, Largeur : 33, Hauteur avec cadre en cm : 50;Correct;DUVEAU, Louis;1850;;;Peinture, esquisse, musee des Augustins
193;2003 1 1;Achat;;2003-06-27;;90 000,00 EUR;2003-01-10;Saint Marc Evangeliste;;toile;peinture a l'huile;Hauteur : 95 cm, Largeur : 71 cm, ;Mauvais;ASSERETO, Gioacchino;1639 apres;;;Peinture, tableau, musee des Augustins
194;2004 1 5;Transfert de propriete de l'Etat;;2004-04-02;;;2004-04-02;Zephyr;;terre cuite;modelage;Hauteur : 36, Largeur : 15, Profondeur : 9;Mauvais;ARCIS, Marc;1701-1750;;;Sculpture, statuette, musee des Augustins
195;2004 1 7;Transfert de propriete de l'Etat;;2004-04-02;;;2004-04-02;La Religion;;terre cuite;modelage;Hauteur : 31, Largeur : 39, Profondeur : 17.5;Mauvais;ARCIS, Marc;1701-1750;;;Sculpture, statuette, musee des Augustins
196;2004 1 18;Transfert de propriete de l'Etat;;2004-04-02;;;2004-04-02;Job sur le tas de fumier;Signature, S.D. en bas a droite : GD CRAYER 1619;toile;peinture a l'huile;Hauteur : 268, Largeur : 196, Hauteur avec cadre en cm : 295;Correct;CRAYER, Gaspar de;1619;;Cathedrale Saint-Bavon;Peinture, Job dans l'adversite, musee des Augustins
197;2004 1 25;Transfert de propriete de l'Etat;;2004-04-02;;;2004-04-02;Saint Jean l'Evangeliste (?) et saint Augustin;;bois;peinture a l'huile;Hauteur : 172, Largeur : 91, Epaisseur : 10;Bon;PERUGINO IL (dit);1502-1521;commande;;Peinture, retable, musee des Augustins
198;2004 1 27;Transfert de propriete de l'Etat;;2004-04-02;;;2004-04-02;Sainte Catherine au Mont Sinai;;bois;peinture a l'huile;Hauteur : 65, Largeur : 81, ;Correct;QUELLINUS, Jan Erasmus;1633-1678;;Eglise Sainte-Catherine;Peinture, tableau, musee des Augustins
199;2004 1 31;Transfert de propriete de l'Etat;;2004-04-02;;;2004-04-02;Tete d'eveque;;toile;peinture a l'huile;Hauteur : 94, Largeur : 69, ;Mauvais;Anonyme flamand ?;indeterminee;;;Peinture, Portrait d'un eveque, musee des Augustins
200;2004 1 39;Transfert de propriete de l'Etat;;2004-04-02;;;2004-04-02;La Lapidation de saint Etienne;Signature, Monogramme, S. B. : ;bois;peinture a l'huile;Hauteur : 46, Largeur : 64, ;Bon;LAURI, Filippo;1651-1700;;;Peinture, tableau, musee des Augustins
